fold,threshold,event_recall,false_alarm_rate_per_day,n_events,n_detected_events,n_alert_episodes,n_false_alarm_episodes,valid_exposure_hours,far_feasible,in_stability_region
walk_forward_1,0.01,0.3333333333333333,0.7554179566563467,15,5,555,549,17442,False,False
walk_forward_2,0.01,0.5625,0.728739176847349,16,9,265,256,8431,False,False
walk_forward_1,0.02,0.5333333333333333,0.5132438940488476,15,8,381,373,17442,False,False
walk_forward_2,0.02,0.6875,0.6063337682362708,16,11,226,213,8431,False,False
walk_forward_1,0.03,0.6,0.3783969728242174,15,9,284,275,17442,False,False
walk_forward_2,0.03,0.75,0.5152413711303523,16,12,195,181,8431,False,False
walk_forward_1,0.04,0.6666666666666666,0.3151014791881665,15,10,239,229,17442,False,False
walk_forward_2,0.04,0.6875,0.44692207330091327,16,11,171,157,8431,False,False
walk_forward_1,0.05,0.7333333333333333,0.26006191950464397,15,11,200,189,17442,False,False
walk_forward_2,0.05,0.6875,0.3842960502905942,16,11,149,135,8431,False,False
walk_forward_1,0.06,0.7333333333333333,0.21878224974200206,15,11,171,159,17442,False,False
walk_forward_2,0.06,0.6875,0.3444431265567548,16,11,135,121,8431,False,False
walk_forward_1,0.07,0.7333333333333333,0.18988648090815274,15,11,150,138,17442,True,True
walk_forward_2,0.07,0.6875,0.32736330209939507,16,11,129,115,8431,False,False
walk_forward_1,0.08,0.6666666666666666,0.1802545579635363,15,10,141,131,17442,True,True
walk_forward_2,0.08,0.6875,0.30459020282291543,16,11,119,107,8431,False,False
walk_forward_1,0.09,0.6,0.1568627450980392,15,9,123,114,17442,True,True
walk_forward_2,0.09,0.6875,0.29035701577511563,16,11,114,102,8431,False,False
walk_forward_1,0.1,0.6666666666666666,0.14447884416924664,15,10,115,105,17442,True,False
walk_forward_2,0.1,0.6875,0.2704305539081959,16,11,107,95,8431,False,False
walk_forward_1,0.11,0.6666666666666666,0.12934296525627795,15,10,104,94,17442,True,False
walk_forward_2,0.11,0.6875,0.26189064167951603,16,11,104,92,8431,False,False
walk_forward_1,0.12,0.6666666666666666,0.12796697626418987,15,10,103,93,17442,True,False
walk_forward_2,0.12,0.6875,0.2533507294508362,16,11,101,89,8431,False,False
walk_forward_1,0.13,0.6666666666666666,0.1197110423116615,15,10,97,87,17442,True,False
walk_forward_2,0.13,0.75,0.2334242675839165,16,12,94,82,8431,False,False
walk_forward_1,0.14,0.6666666666666666,0.10457516339869281,15,10,86,76,17442,True,False
walk_forward_2,0.14,0.75,0.21349780571699678,16,12,87,75,8431,False,False
walk_forward_1,0.15,0.6,0.10182318541451668,15,9,83,74,17442,True,False
walk_forward_2,0.15,0.75,0.20495789348831692,16,12,84,72,8431,False,False
walk_forward_1,0.16,0.6,0.0935672514619883,15,9,77,68,17442,True,False
walk_forward_2,0.16,0.75,0.1935713438500771,16,12,80,68,8431,True,True
walk_forward_1,0.17,0.6,0.08531131750945993,15,9,71,62,17442,True,False
walk_forward_2,0.17,0.75,0.18787806903095716,16,12,78,66,8431,True,True
walk_forward_1,0.18,0.4666666666666667,0.08118335053319574,15,7,66,59,17442,True,False
walk_forward_2,0.18,0.75,0.1850314316213972,16,12,77,65,8431,True,True
walk_forward_1,0.19,0.4,0.07705538355693155,15,6,62,56,17442,True,False
walk_forward_2,0.19,0.625,0.16795160716403748,16,10,69,59,8431,True,True
walk_forward_1,0.2,0.4,0.07430340557275542,15,6,60,54,17442,True,False
walk_forward_2,0.2,0.625,0.15656505752579764,16,10,65,55,8431,True,True
walk_forward_1,0.21,0.4,0.06604747162022703,15,6,54,48,17442,True,False
walk_forward_2,0.21,0.6875,0.14517850788755782,16,11,62,51,8431,True,False
walk_forward_1,0.22,0.4,0.06329549363605091,15,6,53,46,17442,True,False
walk_forward_2,0.22,0.6875,0.14233187047799786,16,11,61,50,8431,True,False
walk_forward_1,0.23,0.4,0.05779153766769866,15,6,49,42,17442,True,False
walk_forward_2,0.23,0.6875,0.13663859565887795,16,11,59,48,8431,True,False
walk_forward_1,0.24,0.4666666666666667,0.0564155486756106,15,7,50,41,17442,True,False
walk_forward_2,0.24,0.6875,0.13663859565887795,16,11,59,48,8431,True,False
walk_forward_1,0.25,0.4666666666666667,0.0564155486756106,15,7,49,41,17442,True,False
walk_forward_2,0.25,0.6875,0.12240540861107815,16,11,54,43,8431,True,False
walk_forward_1,0.26,0.4666666666666667,0.05091159270725834,15,7,46,37,17442,True,False
walk_forward_2,0.26,0.6875,0.10532558415371841,16,11,48,37,8431,True,False
walk_forward_1,0.27,0.4666666666666667,0.04678362573099415,15,7,43,34,17442,True,False
walk_forward_2,0.27,0.6875,0.10247894674415846,16,11,47,36,8431,True,False
walk_forward_1,0.28,0.4666666666666667,0.03990368077055383,15,7,38,29,17442,True,False
walk_forward_2,0.28,0.6875,0.10247894674415846,16,11,47,36,8431,True,False
walk_forward_1,0.29,0.4666666666666667,0.038527691778465774,15,7,37,28,17442,True,False
walk_forward_2,0.29,0.625,0.09678567192503855,16,10,44,34,8431,True,False
walk_forward_1,0.3,0.4666666666666667,0.03577571379428965,15,7,35,26,17442,True,False
walk_forward_2,0.3,0.625,0.09109239710591863,16,10,42,32,8431,True,False
walk_forward_1,0.31,0.4666666666666667,0.03439972480220158,15,7,34,25,17442,True,False
walk_forward_2,0.31,0.5625,0.08824575969635867,16,9,40,31,8431,True,False
walk_forward_1,0.32,0.4666666666666667,0.03439972480220158,15,7,34,25,17442,True,False
walk_forward_2,0.32,0.5625,0.08255248487723876,16,9,38,29,8431,True,False
walk_forward_1,0.33,0.4666666666666667,0.03439972480220158,15,7,35,25,17442,True,False
walk_forward_2,0.33,0.5625,0.07685921005811884,16,9,36,27,8431,True,False
walk_forward_1,0.34,0.4666666666666667,0.03164774681802546,15,7,33,23,17442,True,False
walk_forward_2,0.34,0.5625,0.07401257264855889,16,9,35,26,8431,True,False
walk_forward_1,0.35,0.4666666666666667,0.02889576883384933,15,7,30,21,17442,True,False
walk_forward_2,0.35,0.5625,0.07116593523899893,16,9,34,25,8431,True,False
walk_forward_1,0.36,0.4666666666666667,0.02476780185758514,15,7,27,18,17442,True,False
walk_forward_2,0.36,0.5625,0.06547266041987901,16,9,32,23,8431,True,False
walk_forward_1,0.37,0.4666666666666667,0.02476780185758514,15,7,27,18,17442,True,False
walk_forward_2,0.37,0.5625,0.06262602301031905,16,9,31,22,8431,True,False
walk_forward_1,0.38,0.4666666666666667,0.023391812865497075,15,7,26,17,17442,True,False
walk_forward_2,0.38,0.5625,0.06262602301031905,16,9,31,22,8431,True,False
walk_forward_1,0.39,0.5333333333333333,0.02063983488132095,15,8,25,15,17442,True,False
walk_forward_2,0.39,0.5,0.056932748191199145,16,8,28,20,8431,True,False
walk_forward_1,0.4,0.5333333333333333,0.017887856897144824,15,8,23,13,17442,True,False
walk_forward_2,0.4,0.5,0.056932748191199145,16,8,28,20,8431,True,False
walk_forward_1,0.41,0.5333333333333333,0.017887856897144824,15,8,23,13,17442,True,False
walk_forward_2,0.41,0.5,0.05123947337207923,16,8,26,18,8431,True,False
walk_forward_1,0.42,0.5333333333333333,0.016511867905056758,15,8,22,12,17442,True,False
walk_forward_2,0.42,0.5,0.05123947337207923,16,8,26,18,8431,True,False
walk_forward_1,0.43,0.5333333333333333,0.016511867905056758,15,8,21,12,17442,True,False
walk_forward_2,0.43,0.5,0.048392835962519275,16,8,25,17,8431,True,False
walk_forward_1,0.44,0.5333333333333333,0.015135878912968696,15,8,20,11,17442,True,False
walk_forward_2,0.44,0.5,0.04269956114339936,16,8,23,15,8431,True,False
walk_forward_1,0.45,0.5333333333333333,0.015135878912968696,15,8,20,11,17442,True,False
walk_forward_2,0.45,0.5,0.03415964891471949,16,8,20,12,8431,True,False
walk_forward_1,0.46,0.5333333333333333,0.013759889920880633,15,8,19,10,17442,True,False
walk_forward_2,0.46,0.5,0.03131301150515953,16,8,19,11,8431,True,False
walk_forward_1,0.47,0.5333333333333333,0.011007911936704506,15,8,16,8,17442,True,False
walk_forward_2,0.47,0.5,0.025619736686039615,16,8,17,9,8431,True,False
walk_forward_1,0.48,0.5333333333333333,0.011007911936704506,15,8,16,8,17442,True,False
walk_forward_2,0.48,0.5,0.025619736686039615,16,8,17,9,8431,True,False
walk_forward_1,0.49,0.5333333333333333,0.011007911936704506,15,8,16,8,17442,True,False
walk_forward_2,0.49,0.5625,0.025619736686039615,16,9,18,9,8431,True,False
walk_forward_1,0.5,0.4666666666666667,0.009631922944616443,15,7,14,7,17442,True,False
walk_forward_2,0.5,0.5625,0.025619736686039615,16,9,18,9,8431,True,False
walk_forward_1,0.51,0.4666666666666667,0.009631922944616443,15,7,14,7,17442,True,False
walk_forward_2,0.51,0.5625,0.025619736686039615,16,9,18,9,8431,True,False
walk_forward_1,0.52,0.4666666666666667,0.009631922944616443,15,7,14,7,17442,True,False
walk_forward_2,0.52,0.5,0.022773099276479657,16,8,16,8,8431,True,False
walk_forward_1,0.53,0.4666666666666667,0.008255933952528379,15,7,13,6,17442,True,False
walk_forward_2,0.53,0.5,0.0199264618669197,16,8,15,7,8431,True,False
walk_forward_1,0.54,0.4666666666666667,0.008255933952528379,15,7,13,6,17442,True,False
walk_forward_2,0.54,0.5,0.017079824457359744,16,8,14,6,8431,True,False
walk_forward_1,0.55,0.4666666666666667,0.008255933952528379,15,7,13,6,17442,True,False
walk_forward_2,0.55,0.5,0.017079824457359744,16,8,14,6,8431,True,False
walk_forward_1,0.56,0.4666666666666667,0.008255933952528379,15,7,13,6,17442,True,False
walk_forward_2,0.56,0.5,0.017079824457359744,16,8,14,6,8431,True,False
walk_forward_1,0.57,0.4666666666666667,0.0068799449604403165,15,7,12,5,17442,True,False
walk_forward_2,0.57,0.5,0.014233187047799786,16,8,13,5,8431,True,False
walk_forward_1,0.58,0.4666666666666667,0.0068799449604403165,15,7,12,5,17442,True,False
walk_forward_2,0.58,0.4375,0.014233187047799786,16,7,12,5,8431,True,False
walk_forward_1,0.59,0.4666666666666667,0.005503955968352253,15,7,11,4,17442,True,False
walk_forward_2,0.59,0.4375,0.014233187047799786,16,7,12,5,8431,True,False
walk_forward_1,0.6,0.4666666666666667,0.005503955968352253,15,7,11,4,17442,True,False
walk_forward_2,0.6,0.4375,0.014233187047799786,16,7,12,5,8431,True,False
walk_forward_1,0.61,0.4666666666666667,0.0041279669762641896,15,7,10,3,17442,True,False
walk_forward_2,0.61,0.4375,0.014233187047799786,16,7,12,5,8431,True,False
walk_forward_1,0.62,0.4666666666666667,0.0041279669762641896,15,7,10,3,17442,True,False
walk_forward_2,0.62,0.4375,0.011386549638239828,16,7,11,4,8431,True,False
walk_forward_1,0.63,0.4,0.0041279669762641896,15,6,9,3,17442,True,False
walk_forward_2,0.63,0.4375,0.008539912228679872,16,7,10,3,8431,True,False
walk_forward_1,0.64,0.4,0.0041279669762641896,15,6,9,3,17442,True,False
walk_forward_2,0.64,0.4375,0.008539912228679872,16,7,10,3,8431,True,False
walk_forward_1,0.65,0.4,0.0041279669762641896,15,6,9,3,17442,True,False
walk_forward_2,0.65,0.4375,0.008539912228679872,16,7,10,3,8431,True,False
walk_forward_1,0.66,0.4,0.0041279669762641896,15,6,9,3,17442,True,False
walk_forward_2,0.66,0.4375,0.008539912228679872,16,7,10,3,8431,True,False
walk_forward_1,0.67,0.4,0.0041279669762641896,15,6,9,3,17442,True,False
walk_forward_2,0.67,0.4375,0.008539912228679872,16,7,10,3,8431,True,False
walk_forward_1,0.68,0.4,0.0041279669762641896,15,6,9,3,17442,True,False
walk_forward_2,0.68,0.4375,0.008539912228679872,16,7,10,3,8431,True,False
walk_forward_1,0.69,0.4,0.0041279669762641896,15,6,9,3,17442,True,False
walk_forward_2,0.69,0.4375,0.005693274819119914,16,7,9,2,8431,True,False
walk_forward_1,0.7,0.4,0.0041279669762641896,15,6,9,3,17442,True,False
walk_forward_2,0.7,0.4375,0.005693274819119914,16,7,9,2,8431,True,False
walk_forward_1,0.71,0.4,0.0041279669762641896,15,6,9,3,17442,True,False
walk_forward_2,0.71,0.4375,0.005693274819119914,16,7,9,2,8431,True,False
walk_forward_1,0.72,0.3333333333333333,0.0041279669762641896,15,5,8,3,17442,True,False
walk_forward_2,0.72,0.4375,0.005693274819119914,16,7,9,2,8431,True,False
walk_forward_1,0.73,0.3333333333333333,0.0041279669762641896,15,5,8,3,17442,True,False
walk_forward_2,0.73,0.4375,0.005693274819119914,16,7,9,2,8431,True,False
walk_forward_1,0.74,0.3333333333333333,0.0041279669762641896,15,5,8,3,17442,True,False
walk_forward_2,0.74,0.375,0.005693274819119914,16,6,8,2,8431,True,False
walk_forward_1,0.75,0.26666666666666666,0.0041279669762641896,15,4,7,3,17442,True,False
walk_forward_2,0.75,0.375,0.002846637409559957,16,6,7,1,8431,True,False
walk_forward_1,0.76,0.2,0.0041279669762641896,15,3,6,3,17442,True,False
walk_forward_2,0.76,0.375,0.002846637409559957,16,6,7,1,8431,True,False
walk_forward_1,0.77,0.2,0.0041279669762641896,15,3,6,3,17442,True,False
walk_forward_2,0.77,0.3125,0.002846637409559957,16,5,6,1,8431,True,False
walk_forward_1,0.78,0.2,0.0027519779841761265,15,3,5,2,17442,True,False
walk_forward_2,0.78,0.3125,0.002846637409559957,16,5,6,1,8431,True,False
walk_forward_1,0.79,0.2,0.0013759889920880633,15,3,4,1,17442,True,False
walk_forward_2,0.79,0.25,0.002846637409559957,16,4,5,1,8431,True,False
walk_forward_1,0.8,0.2,0.0013759889920880633,15,3,4,1,17442,True,False
walk_forward_2,0.8,0.25,0.002846637409559957,16,4,5,1,8431,True,False
walk_forward_1,0.81,0.2,0.0013759889920880633,15,3,4,1,17442,True,False
walk_forward_2,0.81,0.1875,0.002846637409559957,16,3,4,1,8431,True,False
walk_forward_1,0.82,0.2,0.0013759889920880633,15,3,4,1,17442,True,False
walk_forward_2,0.82,0.1875,0.002846637409559957,16,3,4,1,8431,True,False
walk_forward_1,0.83,0.2,0.0013759889920880633,15,3,4,1,17442,True,False
walk_forward_2,0.83,0.125,0.002846637409559957,16,2,3,1,8431,True,False
walk_forward_1,0.84,0.13333333333333333,0.0013759889920880633,15,2,3,1,17442,True,False
walk_forward_2,0.84,0.125,0.002846637409559957,16,2,3,1,8431,True,False
walk_forward_1,0.85,0.13333333333333333,0.0013759889920880633,15,2,3,1,17442,True,False
walk_forward_2,0.85,0.125,0.002846637409559957,16,2,4,1,8431,True,False
walk_forward_1,0.86,0.13333333333333333,0.0013759889920880633,15,2,3,1,17442,True,False
walk_forward_2,0.86,0.125,0.002846637409559957,16,2,3,1,8431,True,False
walk_forward_1,0.87,0.13333333333333333,0.0013759889920880633,15,2,3,1,17442,True,False
walk_forward_2,0.87,0.125,0.002846637409559957,16,2,3,1,8431,True,False
walk_forward_1,0.88,0.13333333333333333,0.0013759889920880633,15,2,3,1,17442,True,False
walk_forward_2,0.88,0.125,0.002846637409559957,16,2,3,1,8431,True,False
walk_forward_1,0.89,0.13333333333333333,0.0013759889920880633,15,2,3,1,17442,True,False
walk_forward_2,0.89,0.125,0.002846637409559957,16,2,3,1,8431,True,False
walk_forward_1,0.9,0.13333333333333333,0.0013759889920880633,15,2,3,1,17442,True,False
walk_forward_2,0.9,0.125,0.002846637409559957,16,2,3,1,8431,True,False
walk_forward_1,0.91,0.13333333333333333,0.0013759889920880633,15,2,3,1,17442,True,False
walk_forward_2,0.91,0.125,0.002846637409559957,16,2,3,1,8431,True,False
walk_forward_1,0.92,0.06666666666666667,0.0013759889920880633,15,1,2,1,17442,True,False
walk_forward_2,0.92,0.125,0.002846637409559957,16,2,3,1,8431,True,False
walk_forward_1,0.93,0.06666666666666667,0.0,15,1,1,0,17442,True,False
walk_forward_2,0.93,0.125,0.002846637409559957,16,2,3,1,8431,True,False
walk_forward_1,0.94,0.06666666666666667,0.0,15,1,1,0,17442,True,False
walk_forward_2,0.94,0.125,0.002846637409559957,16,2,3,1,8431,True,False
walk_forward_1,0.95,0.06666666666666667,0.0,15,1,1,0,17442,True,False
walk_forward_2,0.95,0.125,0.002846637409559957,16,2,3,1,8431,True,False
walk_forward_1,0.96,0.06666666666666667,0.0,15,1,1,0,17442,True,False
walk_forward_2,0.96,0.125,0.002846637409559957,16,2,3,1,8431,True,False
walk_forward_1,0.97,0.0,0.0,15,0,0,0,17442,True,False
walk_forward_2,0.97,0.125,0.002846637409559957,16,2,3,1,8431,True,False
walk_forward_1,0.98,0.0,0.0,15,0,0,0,17442,True,False
walk_forward_2,0.98,0.0,0.0,16,0,0,0,8431,True,False
walk_forward_1,0.99,0.0,0.0,15,0,0,0,17442,True,False
walk_forward_2,0.99,0.0,0.0,16,0,0,0,8431,True,False
