config_id,family,threshold,event_recall,false_alarm_rate_per_day,pr_auc,operationally_feasible
lightgbm_lr0.1_leaves127,lightgbm,0.16,0.7272727272727273,0.1994040797616319,0.4640483527355402,True
lightgbm_lr0.05_leaves127,lightgbm,0.12,0.6590909090909091,0.19527847811139126,0.4725283135357624,True
lightgbm_lr0.1_leaves31,lightgbm,0.15,0.6136363636363636,0.19390327756131104,0.478920869494794,True
lightgbm_lr0.05_leaves63,lightgbm,0.12,0.5909090909090909,0.18565207426082972,0.4833817733171371,True
lightgbm_lr0.1_leaves63,lightgbm,0.14,0.5909090909090909,0.1994040797616319,0.4679875043408629,True
lightgbm_lr0.05_leaves31,lightgbm,0.1,0.5681818181818182,0.1966536786614715,0.4808605907108817,True
lightgbm_lr0.01_leaves127,lightgbm,0.01,0.0,0.011001604400641761,0.48180020377060917,True
lightgbm_lr0.01_leaves63,lightgbm,0.01,0.0,0.011001604400641761,0.47873706460988924,True
lightgbm_lr0.01_leaves31,lightgbm,0.01,0.0,0.011001604400641761,0.4744277058714624,True
